_; incidencia_pélvica; inclinación_pélvica; ángulo_lordosis_lumbar; pendiente_sacra; radio_pélvico; grado_espondilolistesis; clase
0;630278175;2255258597;3960911701;4047523153;9867291675;-254399986;1
1;3905695098;1006099147;2501537822;2899595951;1144054254;4564258645;1
2;6883202098;2221848205;5009219357;4661353893;1059851355;-3530317314;1
3;6929700807;2465287791;4431123813;4464413017;1018684951;1121152344;1
4;4971285934;9652074879;28317406;4006078446;1081687249;7918500615;1
5;4025019968;1392190658;251249496;2632829311;1303278713;2230651729;1
6;5343292815;1586433612;3716593387;3756859203;1205675233;5988550702;1
7;4536675362;1075561143;2903834896;3461114218;1172700675;-1067587083;1
8;4379019026;135337531;4269081398;3025643716;1250028927;1328901817;1
9;3668635286;5010884121;419487509;3167546874;8424141517;664437117;1
10;4970660953;1304097405;3133450009;3666563548;1086482654;-7825985755;1
11;3123238734;1771581923;155;1351656811;1200553988;499751446;1
12;4891555137;1996455616;4026379358;2895099521;119321358;8028894629;1
13;535721702;2046082824;331;3311134196;1109666978;7044802938;1
14;5730022656;241888846;4699999999;3311134196;1168065868;5766946943;1
15;4431890674;1253799164;36098763;3178091509;1241158358;5415825143;1
16;6383498162;2036250706;5455243367;4347247456;1123094915;-622526643;1
17;3127601184;314466948;3256299592;2813134236;1290114183;3623020073;1
18;3869791243;1344474904;310;2525316339;1231592507;1429185758;1
19;4172996308;1225407408;3012258646;29475889;1165857056;-1244402488;1
20;4392283983;1417795853;378325467;297448813;1344610156;6451647637;1
21;5491944259;2106233245;4219999999;3385711014;1252127163;2432561437;1
22;6307361096;2441380271;5399999999;3865980825;1064243295;1577969683;1
23;4554078988;1306959759;3029832059;3247119229;1179808303;-4987129618;1
24;3612568347;2275875277;290;133669307;1155771163;-3237562489;1
25;5412492019;2665048856;3532974693;2747443163;121447011;1571204816;1
26;2614792141;1075945357;140;1538846783;1252032956;-1009310817;1
27;4358096394;165088837;4699999999;2707208024;109271634;8992815727;1
28;445510115;2193114655;2678591597;2261986495;1110729197;2652320636;1
29;6687921138;2489199889;4927859673;419872125;1134770183;-2005891748;1
30;5081926781;1540221253;4252893886;3541705528;112192804;1086956554;1
31;4639026008;1107904664;3213655345;3531121344;9877454633;6386831648;1
32;4493667457;1744383762;2778057555;2749283695;1179803245;5569619587;1
33;3866325708;1298644139;3999999999;2567681568;124914118;2703008052;1
34;5959554032;3199824445;4656025198;2759729587;1193303537;1474285836;1
35;3148421834;782622134;2428481815;23657997;1138331446;4393080498;1
36;3209098679;6989378081;3599819848;2510160871;132264735;6413427708;1
37;3570345781;1944325311;207;1626020471;1375406125;-263489651;1
38;5584328595;2884744756;4769054322;2699583839;1233118449;2812426855;1
39;5241938511;1901156052;3587265953;3340782459;1165597709;1694705102;1
40;3549244617;117016723;1559036345;2379077387;1069388517;-3460357991;1
41;4644207842;839503589;290372302;3804704253;1154814047;2045475795;1
42;5385479842;1923064334;3277905978;3462415508;1216709148;5329843204;1
43;6628539377;2632784484;4749999999;3995754893;1212196839;-799624469;1
44;5603021778;162979149;6227527456;3973230287;1140231172;-2325683841;1
45;5091244034;2301516931;4699999999;2789727103;1174222591;-2526701511;1
46;48332638;2222778399;3618199318;2610485401;1173846251;6481709096;1
47;4135250407;1657736351;3070619135;2477514057;1132666746;-4497957556;1
48;4055735663;1797778407;340;2257957256;1210462458;-1537383074;1
49;4176773173;1789940172;200308863;2386833001;1183633889;2062962549;1
50;5528585178;2044011836;340;3484573342;1158770174;3558372358;1
51;7443359316;4155733141;277;3287626175;1079493045;5000088788;1
52;5020966979;2976012218;3610400731;2044954761;1282925148;5740614083;1
53;3014993632;1191744524;340;1823249108;1126841408;1146322327;1
54;4117167989;1732120599;3346940277;2385047391;1163778894;-9569249858;1
55;4765772963;1327738491;3667998541;3438034472;9824978071;6273012173;1
56;4334960621;7467468964;2806548279;3588213725;1127761866;5753277458;1
57;4685578065;1535151393;380;3150426672;1162509174;1662705589;1
58;4320318499;1966314572;350;2354003927;1248461088;-2919075955;1
59;4810923638;1493072472;3556468278;3317851166;1240564518;7947904861;1
60;7437767772;3205310438;7877201304;4232457334;1435606905;5612590603;1
61;8968056731;3270443487;8313073216;5697613244;1299554764;9202727682;1
62;44529051;9433234213;5199999999;3509581679;1347117723;2910657504;1
63;7769057712;2138064464;6442944191;5630993248;114818751;2693184095;1
64;761472121;2193618556;8296150249;5421102654;1239320096;1043197194;1
65;8393300857;4128630543;6199999999;4264670314;115012334;2658810016;1
66;7849173027;221817978;5999999999;5630993248;1185303266;2738321314;1
67;7564973136;1933979889;6414868477;5630993248;959036288;6955130292;1
68;7207627839;1894617604;5099999999;5313010236;1142130126;101004051;1
69;5859952852;-261499046;5149999999;5886102756;1020428116;2805969711;1
70;7256070163;1738519079;5199999999;5517551084;1191937238;3210853735;1
71;8690079431;329281677;4779434664;5397262661;1350753635;1017190919;1
72;8497413208;3302117462;6085987263;5195295747;1256595336;7433340864;1
73;55512212;2009515673;4399999999;3541705528;122648753;3455294641;1
74;722223343;2307771056;9099999999;4914462374;1377366546;5680409277;1
75;7022145219;3982272448;6811840309;3039872771;1485255624;1453781432;1
76;8675360946;3604301632;6922104479;5071059314;139414504;1108607824;1
77;5878254775;7667044186;5333894082;5111550357;9850115697;5158412476;1
78;6741253785;1744279712;6014464036;4996974073;11112397;3315764573;1
79;4774467877;1208935067;3899999999;356553281;1175120039;2168240136;1
80;7710657122;3046999418;6948062839;4663657704;1121516;7075908308;1
81;7400554124;2112240192;5737950226;5288313932;1202059626;7455516588;1
82;8862390839;2908945331;4756426247;5953445508;1217647796;5180589921;1
83;8110410039;2479416792;7788702048;5630993247;1518398566;6521461611;1
84;7632600187;4239620445;5719999999;3392979742;124267007;5012745689;1
85;4544374959;9906071798;4499999999;3553767779;1630710405;2031531532;1
86;5978526526;1787932332;5920646143;4190594194;1193191109;2212386874;1
87;4491414916;1021899563;4463091389;3469515353;1300756599;3736453993;1
88;5660577127;1680020017;4199999999;3980557109;1272945222;240185747;1
89;7118681115;2389620111;436966651;4729061004;1198649383;2728398451;1
90;8165603206;2874886935;5823282055;529071627;1147698556;3060914842;1
91;7095272771;2015993121;6285910914;507927965;1161779325;32522331;1
92;8535231529;1584491006;7166865979;6950740523;1244197875;760206034;1
93;5810193455;1483763914;7964983825;4326429541;1135876551;5023787808;1
94;9417482232;1538076983;6770572132;7879405249;1148901128;5325522004;1
95;5752235608;3364707522;5090985841;2387528085;1409817119;1487537109;1
96;9665731511;1946158117;9021149828;7719573393;1206730408;6408099841;1
97;7472074622;1975694203;8273535954;5496380419;1093565941;3330606685;1
98;7765511874;224329501;9389277881;5522216863;1230557067;612111866;1
99;5852162283;1392228609;4146785522;4459933674;115514798;303879839;1
100;845856071;3036168482;6547948563;5422392228;1080102185;2511847846;1
101;7993857026;187740711;6331183486;6116449915;114787107;3853874133;1
102;7039930842;1346998624;6119999999;5692932218;1023375244;2553842852;1
103;4978212054;646680486;5299999999;4331531568;1108647831;2533564729;1
104;7740933294;2939654543;6323230243;480127875;1184507311;9356373734;1
105;6500796426;2760260762;5094751899;3740535663;1165811088;7015977884;1
106;6501377322;9838262375;5773583722;5517551084;9473852542;4969695462;1
107;7842595126;3342595126;7627743927;450;1385541111;7715517241;1
108;6317298709;6330910974;6299999999;5684207612;1106440206;4260807567;1
109;6861300092;150822353;6301469619;5353076561;1234311742;3949798659;1
110;6390063261;137062037;6212433389;5019442891;1141292425;4142282844;1
111;8499895554;2961009772;8335219438;5538885782;1269129899;7132117542;1
112;4202138603;-6554948347;6789999999;4857633437;1115857819;2733867086;1
113;6975666532;1927929659;4849999999;5047736873;9649136982;511696403;1
114;8098807441;3684317181;8696060151;441449026;1410881494;8587215224;1
115;1298340406;8404475005;4838405705;1214295656;107690466;4185430821;1
116;7048410444;1248948765;6241714208;5799461679;1141900488;5690244779;1
117;8604127982;3875066978;4787140494;4729061004;1220929536;6198827709;1
118;6553600255;2415748726;4577516991;413785153;1364403015;1637808564;1
119;607538935;157538935;4319915768;450;1130533309;3169354839;1
120;5474177518;1209507205;4099999999;4264670314;1176432188;403823266;1
121;8387994081;2307742686;8714151223;6080251395;1246460723;8055560527;1
122;8007491418;4806953097;5240343873;3200538321;1107099121;6772731595;1
123;6566534698;1054067533;5648913545;5512467166;1091627768;5393202006;1
124;7471722805;1432167879;325;6039554926;1071822176;3701708012;1
125;4806062649;5687032126;5705716117;4237359436;9544375749;3283587702;1
126;7067689818;2170440224;5918116082;4897249594;1030083545;278101478;1
127;8043342782;16998479;6653601753;6343494882;1164389807;5778125;1
128;9051396072;2827250132;698139423;622414594;1008921596;5882364821;1
129;7723689752;1673762214;4977553438;6049927538;1106903772;397871542;1
130;5006678595;9120340183;3216846267;4094644577;9971245318;2676669655;1
131;6978100617;1377746531;5799999999;5600354085;1189306656;1791456046;1
132;6962628302;2112275138;5276659472;4850353164;1168030913;5481686729;1
133;8175441933;2012346562;7056044038;6163095371;1194250857;5550688907;1
134;5220469309;1721267289;7809496877;349920202;1369725168;5493913416;1
135;7712134424;303498745;7748108264;4677146974;1106111484;8209360704;1
136;880244989;3984466878;8177447308;4817983012;1166015376;5676608323;1
137;8339660609;3431098931;7842329287;4908561678;1104665164;4967209559;1
138;7205403412;2470073725;7987401586;4735329687;1071723576;5642615873;1
139;8509550254;2106989651;9173479193;6402560604;109062312;3803283108;1
140;6956348614;154011391;7443849743;5416234705;1050673556;2970121083;1
141;895049473;4890365265;720034229;4060129465;1346342912;1183533701;1
142;8529017283;1827888963;1007442198;670112832;1106607005;5888494802;1
143;6062621697;205959577;6453526221;4003025927;1172255542;1048592474;1
144;6004417717;1430965614;5803886519;4573452103;1051316639;3040913315;1
145;8564378664;4268919513;787506635;4295459151;1051440758;4288742577;1
146;8558171024;3045703858;7823137949;5512467166;1148660487;6837612182;1
147;5508076562;-3759929872;5599999999;5884069549;1099153669;3177358318;1
148;6575567895;9832874231;5082289501;5592280472;1043949585;3930721246;1
149;7924967118;2394482471;4079669829;5530484647;9862251165;367063954;1
150;8111260488;2069044356;6068700588;6042216132;9401878339;4051098228;1
151;480306238;3969814743;5834451924;4406080905;1253509625;3500007784;1
152;6340448058;1411532726;4813680562;4928915333;1119160075;3178449499;1
153;5728694488;151493501;6399999999;4213759477;1167353868;3034120327;1
154;4118776972;5792973871;4286739151;3539479584;1033488802;2766027669;1
155;6680479632;1455160171;7208491177;5225319461;8245603817;416854736;1
156;794769781;2673226755;7065098189;5274471055;1185886691;6170059824;1
157;4421646446;1507074501;4611033909;4270938996;1086295666;4281048066;1
158;5703509717;34572799;4919800263;5668936918;1030486975;5216514503;1
159;6427481758;1250864276;6870237672;5176617482;9525245421;3940982612;1
160;9202630795;3539267395;7741696348;56633634;11572353;5805754155;1
161;6726314926;7194661096;5169688681;6006848816;978010854;4213694325;1
162;1181446548;3844950127;5083851954;7969515353;810245406;7404376736;1
163;1159232606;3751543601;7679999999;7840782459;1046986033;8119892712;1
164;5394165809;9306594428;4310049819;4463506366;1243978211;250821266;1
165;837031774;2026822858;771105979;6343494882;1254801739;69279571;1
166;5699140382;687408897;5700900516;5011731485;109978045;3681011057;1
167;7234359434;1642078962;5986901238;5592280472;7008257486;1207264427;1
168;9538259648;2482263131;9515763273;7055996517;893075466;5766084135;1
169;4425347645;1101086714;380;4315238973;9827410705;239106354;1
170;6480954139;1517407796;5883999352;4963546343;111679961;2140719845;1
171;7840125389;1404225971;7969426258;6435899418;1047312342;1239285327;1
172;5666829282;1345820343;4376970978;4321008939;9369220863;2110812135;1
173;5082502875;9064729049;5629999999;417602997;7899945411;2304152435;1
174;6141173702;2538436364;3909686927;3602737339;1034045971;2184340688;1
175;5656382381;8961261611;5257784639;476025622;9877711506;5070187326;1
176;6702766447;1328150221;6615040334;5374616226;1007154129;3398913551;1
177;8081777144;1923898066;6164245116;6157879078;8947183446;44167602;1
178;8065431956;2634437939;6089811835;5430994017;1201034928;5246755185;1
179;6872190982;494318636;680560124;1929004622;1250185168;5469128928;1
180;3790391014;447909896;2471027447;3342481118;157848799;3360702661;1
181;6462400798;1522530262;6763216653;4939870535;90298468;3132641123;1
182;7543774787;3153945399;8959999999;4389829388;1068295898;5496578902;1
183;7100194076;3751577195;8453709256;3348616882;1251642324;6777118983;1
184;8105661087;2080149217;9178449512;602551187;125430176;3818178176;1
185;9146874146;2450817744;8462027202;6696056402;1173078968;5262304673;1
186;8108232025;2125584028;7876675639;5982647997;9007187999;49159426;1
187;60419932;5265665422;598142356;5515426658;1090330745;3026578534;1
188;8568094951;3865003527;8268097744;4703091424;1208407069;6195903428;1
189;824065243;2927642195;7705456489;5313010235;1170422439;6276534831;1
190;437182623;9811985315;5199999999;3390627699;8843424213;4088092253;1
191;86472905;4030376567;6114101155;4616913933;974041888;5575222146;1
192;7446908181;3328315665;6694210105;4118592517;1464660009;1249844057;1
193;7025043628;1034012252;7637007032;5991031376;1192370072;3266650243;1
194;7264385013;1892911726;6799999999;5371473287;1169634162;2538424676;1
195;7124176388;5268270454;8599958417;6597349342;110703107;382598637;1
196;637723908;1276338484;6536052425;5100900596;8982274067;5599545386;1
197;5882837872;3757787321;1257423855;2125050551;1356294176;1173146829;1
198;7485448008;1390908417;6269325884;609453959;1152087008;3317225512;1
199;7529847847;1667148361;6129620362;5862699486;1188833881;3157582292;1
200;6336433898;2002462134;6749870507;4333971763;1309992576;3755670552;1
201;6751305267;332755899;9628306169;3423746278;1456010328;8830148594;1
202;7631402766;4193368293;932848628;3438034472;1322672855;1012187828;1
203;7363596236;9711317947;6299999999;6392464442;9872792982;2697578722;1
204;5653505139;1437718927;4499154663;4215786212;1017233343;2577317356;1
205;8011157156;3394243223;8510160773;4616913933;1255936237;1002921068;1
206;9548022873;4655005318;5899999999;4893017555;9668390337;7728307195;1
207;7409473084;1882372712;7603215571;5527100372;1284057314;7338821617;1
208;8767908663;2036561331;9382241589;6731347333;1209448288;7673062904;1
209;4825991962;1641746236;3632913708;3184245726;9488233607;2834379914;1
210;3850527283;1696429691;3511281407;2154097592;1276328747;7986683227;0
211;5492085752;1896842952;5160145541;35952428;1258466462;2001642472;0
212;4436249017;8945434892;4690209626;3541705528;129220682;4994195288;0
213;483189305;1745212105;4799999999;3086680945;1289803079;-910940567;0
214;4570178875;1065985935;425778464;350419294;1301783144;-338890999;0
215;3074193812;1335496594;3590352597;1738697218;1424101072;-2005372903;0
216;5091310144;66769999;3089652243;4423610154;118151531;-1057985526;0
217;3812658854;6557617408;5044507473;3156897113;132114805;6338199339;0
218;5162467183;1596934373;350;356553281;129385308;100922834;0
219;6431186727;2632836901;5095896417;3798349826;1061777511;3118221289;0
220;4448927476;2178643263;3147415392;2270284212;1137784936;-284129366;0
221;549509702;5865353416;5299999999;4908561678;1269703283;-631602951;0
222;5610377352;1310630665;6263701952;4299746687;1162285032;3117276727;0
223;693988184;1889840693;7596636144;5050041147;1035825398;-44366081;0
224;8983467631;2263921678;9056346144;6719545953;1005011917;3040973261;0
225;5972614016;7724872599;5534348527;5200126756;1251742214;3235159224;0
226;6395952166;1606094486;6312373633;478985768;1423601245;6298970934;0
227;6154059876;1967695713;5289222856;4186364163;1186862678;4815031084;0
228;3804655072;830166942;2623683004;297448813;1238034132;3885773488;0
229;4343645061;1009574326;3603222439;3334070735;1374396942;-3114450861;0
230;6561180231;2313791922;6258217893;4247388309;1241280012;-4083298414;0
231;5391105429;1293931796;3899999999;4097173633;1181930354;5074353176;0
232;4311795103;1381574355;4034738779;2930220748;1285177217;970926407;0
233;406832291;9148437195;3102159252;3153479191;1391184721;-2511618596;0
234;377319919;9386298276;4199999999;2834569362;135740926;1368304672;0
235;6392947003;1997109671;4017704963;4395837332;1130659387;-1105817866;0
236;6182162717;1359710457;6399999999;4822452261;121779803;1296191194;0
237;6214080535;1396097523;5799999999;4817983012;1332818339;4955105669;0
238;6900491277;1329178975;555701429;5571312302;1266116215;1083201105;0
239;5644702568;1944449915;435778464;3700252653;1391896903;-1859688529;0
240;416469159;8835549101;3603197484;328113668;1165551679;-6054537956;0
241;5152935759;1351784732;350;3801151027;1267185156;1392833085;0
242;3908726449;5536602477;2693203835;3355066201;1315844199;-75946135;0
243;3464992241;7514782784;4299999999;2713513962;1239877408;-4082937601;0
244;6302630005;2733624023;5160501665;3569005983;1145066078;7439869802;0
245;4780555887;1068869819;5399999999;3711686068;1253911378;-402523218;0
246;4663786363;1585371711;3999999999;3078414653;1193776026;906458168;0
247;4982813487;1673643493;280;3309169994;1214355585;191330704;0
248;4731964755;8573680295;3556025198;3874596726;1205769719;1630663508;0
249;5075329025;2023505957;370;3051823068;122343516;2288487746;0
250;3615782981;-810514093;3362731353;3696834391;1359369096;-2092506504;0
251;4074699612;1835524271;4999999999;3891147185;1392471502;668556793;0
252;4291804052;-5845994341;5799999999;4876403486;1216068586;-3362044654;0
253;6379242525;2134532339;6599999999;4244710185;1195503909;1238260373;0
254;7295564397;1957697146;6100707117;5337867251;1112340468;813491154;0
255;6753818154;1465504222;5800142908;5288313932;1236322597;259702063;0
256;5475251965;9752519649;4799999999;450;1230379985;8235294118;0
257;5016007802;-2970024337;4199999999;5313010235;1318024914;-8290203373;0
258;4034929637;1019474845;3796774659;3015454792;1280099272;458901373;0
259;6361919213;1693450781;4934926218;4668468432;1170897469;-357811974;0
260;5414240778;1193511014;4299999999;4220729763;1222090834;153549242;0
261;7497602148;1492170492;5373007172;6005431656;1056453997;1594747729;0
262;4251727249;1437567126;2532356538;2814160123;1289056892;75702014;0
263;3378884314;3675109986;255;3011373315;1283253556;-1776111234;0
264;545036853;6819910138;4699999999;4768377516;1117911722;-4406769011;0
265;4817074627;9594216702;3971092029;3857652956;1356233101;5360050572;0
266;4637408781;1021590237;4269999999;3615818544;1212476572;-54202201;0
267;5286221391;9410371613;4698805181;434518423;1230912395;1856659161;0
268;571458515;1648909145;4284214764;4065676005;1138061775;50151857;0
269;3714014978;1648123972;240;2065891006;1250143609;7366425398;0
270;5131177106;8875541276;5699999999;4243622979;1264722584;-2144043911;0
271;4251561014;1654121618;4199999999;2597439396;120631941;7876730692;0
272;3935870531;7011261806;370;323474435;1178187599;1904048199;0
273;358775708;1112373561;4345725694;3476519724;1269239062;-1632238263;0
274;431919153;9976663803;2893814927;3321525149;1234674001;1741017579;0
275;6728971201;167175142;5099999999;505721978;1375917777;4960343813;0
276;5132546366;1363122319;3325857782;3769424047;1313061224;178886965;0
277;657563482;1320692644;4399999999;5254942177;1293935728;-1982120038;0
278;4041336566;-1329412398;3098276809;4174277806;1193356546;-6173674823;0
279;4880190855;1801776202;5199999999;3078414653;1391504066;1044286169;0
280;5008615264;1343004422;3445754051;3665610842;1191346221;3089484465;0
281;6426150724;1449786554;4390250363;4976364169;1153882683;5951454368;0
282;5368337998;1344702168;4158429713;4023635831;1139137026;2737035292;0
283;4899595771;1311382047;5187351997;3588213725;1263981876;535471617;0
284;5916761171;1456274875;4319915768;4460486296;1210356423;2830504124;0
285;6780469442;1655066167;4325680184;5125403274;1196856451;4867539941;0
286;6173487533;1711431203;4689999999;446205633;1209201997;3087725997;0
287;3304168754;-324678459;190710746;33366366;1203886112;9354364925;0
288;7456501543;1572431994;5861858244;5884069549;105417304;599247113;0
289;4443070103;1417426387;322434952;3025643716;1317176127;-3604255336;0
290;3642248549;1387942449;2024256187;22543061;1260768612;179717077;0
291;5107983294;1420993529;3595122893;3686989765;1158037111;6905089963;0
292;3475673809;2631739646;2950438112;3212499844;1271398495;-460894198;0
293;4890290434;5587588658;5549999999;4331531568;1371082886;1985475919;0
294;4623639915;100627701;370;3617362905;1280636203;-5100053328;0
295;4642636614;6620795049;4809999999;3980557109;1303500956;2449382401;0
296;3965690201;1620883944;3667485694;2344806258;131922009;-4968979881;0
297;4557548229;1875913544;3377414297;2681634684;1167970069;3131909921;0
298;6650717865;2089767207;3172747138;4560950658;1289029049;1517203356;0
299;8290535054;2989411893;5825054221;5301123161;1107089577;6079337831;0
300;5067667667;6461501271;350;442151754;1165879699;-214710615;0
301;8901487529;2607598143;6902125897;6293889386;1114810746;6061508401;0
302;5460031622;2148897426;2936021618;3311134196;1183433212;-1471067262;0
303;3438229939;2062682882;3239081996;3231961651;1283001991;-3365515555;0
304;4507545026;1230695118;4458317718;3276849908;1478946372;-8941709421;0
305;4790356517;1361668819;360;3428687698;1174490622;-4245395422;0
306;5393674778;2072149628;2922053381;3321525149;114365845;-421010392;0
307;6144659663;226949683;4617034732;3875162833;1256707246;-2707879517;0
308;4525279209;8693157364;415831264;3655963472;1185458418;214750167;0
309;3384164075;5073991409;3664123294;2876764934;1239452436;-199249089;0
